Year,Region,Period,Category,Medium [M],Low [M],High [M]
1950,Africa,Past,Migration-,-0.5990,-0.5990,-0.5990
1955,Africa,Past,Migration-,-1.6055,-1.6055,-1.6055
1960,Africa,Past,Migration-,-1.1661,-1.1661,-1.1661
1965,Africa,Past,Migration-,-0.7614,-0.7614,-0.7614
1970,Africa,Past,Migration-,-1.1668,-1.1668,-1.1668
1975,Africa,Past,Migration-,0.0000,0.0000,0.0000
1980,Africa,Past,Migration-,-0.7277,-0.7277,-0.7277
1985,Africa,Past,Migration-,-0.8546,-0.8546,-0.8546
1990,Africa,Past,Migration-,-3.6585,-3.6585,-3.6585
1995,Africa,Past,Migration-,-3.1816,-3.1816,-3.1816
2000,Africa,Past,Migration-,-2.6819,-2.6819,-2.6819
2005,Africa,Past,Migration-,-3.5612,-3.5612,-3.5612
2010,Africa,Past,Migration-,-4.2858,-4.2858,-4.2858
2015,Africa,Past,Migration-,-3.5487,-3.5487,-3.5487
2020,Africa,Past,Migration-,-2.3433,-2.3433,-2.3433
2025,Africa,Future,Migration-,-2.2926,-2.2926,-2.2926
2030,Africa,Future,Migration-,-2.0385,-2.0386,-2.0386
2035,Africa,Future,Migration-,-1.9709,-1.9709,-1.9709
2040,Africa,Future,Migration-,-1.9630,-1.9631,-1.9631
2045,Africa,Future,Migration-,-1.9612,43.4228,-1.9611
2050,Africa,Future,Migration-,-1.9611,-1.9610,-1.9608
2055,Africa,Future,Migration-,-1.9612,-1.9612,-1.9611
2060,Africa,Future,Migration-,-1.9609,-1.9610,-1.9609
2065,Africa,Future,Migration-,-1.9610,-1.9610,-1.9611
2070,Africa,Future,Migration-,-1.9611,-1.9610,-1.9610
2075,Africa,Future,Migration-,-1.9610,-1.9610,-1.9611
2080,Africa,Future,Migration-,-1.9612,-1.9610,-1.9611
2085,Africa,Future,Migration-,-1.9610,-1.9611,-1.9611
2090,Africa,Future,Migration-,-1.9610,-1.9611,-1.9611
2095,Africa,Future,Migration-,-1.9610,-1.9612,-1.9611
2100,Africa,Future,Migration-,0.0000,0.0000,0.0000
1950,Africa,Past,Deaths,-30.7719,-30.7719,-30.7719
1955,Africa,Past,Deaths,-32.0740,-32.0740,-32.0740
1960,Africa,Past,Deaths,-33.3322,-33.3322,-33.3322
1965,Africa,Past,Deaths,-35.6359,-35.6359,-35.6359
1970,Africa,Past,Deaths,-37.5845,-37.5845,-37.5845
1975,Africa,Past,Deaths,-38.9394,-38.9394,-38.9394
1980,Africa,Past,Deaths,-41.5944,-41.5944,-41.5944
1985,Africa,Past,Deaths,-45.1167,-45.1167,-45.1167
1990,Africa,Past,Deaths,-49.0666,-49.0666,-49.0666
1995,Africa,Past,Deaths,-52.2147,-52.2147,-52.2147
2000,Africa,Past,Deaths,-53.8653,-53.8653,-53.8653
2005,Africa,Past,Deaths,-53.9054,-53.9054,-53.9054
2010,Africa,Past,Deaths,-52.9673,-52.9673,-52.9673
2015,Africa,Past,Deaths,-53.5973,-53.5973,-53.5973
2020,Africa,Past,Deaths,-58.5451,-58.5451,-58.5451
2025,Africa,Future,Deaths,-60.3381,-59.2869,-61.3896
2030,Africa,Future,Deaths,-65.5569,-63.8656,-67.2495
2035,Africa,Future,Deaths,-71.3658,-69.2069,-73.5299
2040,Africa,Future,Deaths,-77.7649,-75.2325,-80.3326
2045,Africa,Future,Deaths,-84.8081,-81.7833,-87.9490
2050,Africa,Future,Deaths,-92.5506,-88.9145,-96.4304
2055,Africa,Future,Deaths,-101.0156,-96.7101,-105.7165
2060,Africa,Future,Deaths,-110.2145,-105.2207,-115.7641
2065,Africa,Future,Deaths,-120.0831,-114.3622,-126.5369
2070,Africa,Future,Deaths,-130.5414,-123.9925,-138.0372
2075,Africa,Future,Deaths,-141.4722,-133.8977,-150.2547
2080,Africa,Future,Deaths,-152.8049,-143.9124,-163.2139
2085,Africa,Future,Deaths,-164.4233,-153.7828,-176.9308
2090,Africa,Future,Deaths,-176.1790,-163.1898,-191.4304
2095,Africa,Future,Deaths,-187.6927,-171.5305,-206.5740
2100,Africa,Future,Deaths,0.0000,0.0000,0.0000
1950,Africa,Past,Population,225.1203,225.1203,225.1203
1955,Africa,Past,Population,250.9970,250.9970,250.9970
1960,Africa,Past,Population,280.9034,280.9034,280.9034
1965,Africa,Past,Population,317.4062,317.4062,317.4062
1970,Africa,Past,Population,360.6713,360.6713,360.6713
1975,Africa,Past,Population,411.6316,411.6316,411.6316
1980,Africa,Past,Population,474.7650,474.7650,474.7650
1985,Africa,Past,Population,547.7858,547.7858,547.7858
1990,Africa,Past,Population,629.6988,629.6988,629.6988
1995,Africa,Past,Population,715.0944,715.0944,715.0944
2000,Africa,Past,Population,808.8709,808.8709,808.8709
2005,Africa,Past,Population,916.1925,916.1925,916.1925
2010,Africa,Past,Population,1041.4840,1041.4840,1041.4840
2015,Africa,Past,Population,1185.4625,1185.4625,1185.4625
2020,Africa,Past,Population,1344.0698,1344.0698,1344.0698
2025,Africa,Future,Population,1512.4287,1504.4731,1520.3846
2030,Africa,Future,Population,1692.1862,1664.3372,1720.0440
2035,Africa,Future,Population,1880.0992,1821.8705,1938.3722
2040,Africa,Future,Population,2073.8308,1978.3686,2169.4824
2045,Africa,Future,Population,2270.1262,2131.4563,2409.9931
2050,Africa,Future,Population,2465.7549,2275.4937,2660.5014
2055,Africa,Future,Population,2657.4387,2405.5370,2920.6752
2060,Africa,Future,Population,2842.9823,2519.1695,3189.1490
2065,Africa,Future,Population,3020.9488,2615.9588,3463.6610
2070,Africa,Future,Population,3189.5777,2695.5819,3741.4800
2075,Africa,Future,Population,3346.8956,2757.1147,4020.6829
2080,Africa,Future,Population,3490.8251,2799.1193,4299.9423
2085,Africa,Future,Population,3620.8691,2821.3773,4579.6625
2090,Africa,Future,Population,3735.5522,2823.3930,4857.9918
2095,Africa,Future,Population,3834.3018,2806.0264,5133.2016
2100,Africa,Future,Population,3917.0769,2771.0123,5403.8371
1950,Africa,Past,Births,57.2476,57.2476,57.2476
1955,Africa,Past,Births,63.5860,63.5860,63.5860
1960,Africa,Past,Births,71.0011,71.0011,71.0011
1965,Africa,Past,Births,79.6624,79.6624,79.6624
1970,Africa,Past,Births,89.7116,89.7116,89.7116
1975,Africa,Past,Births,101.7900,101.7900,101.7900
1980,Africa,Past,Births,115.3429,115.3429,115.3429
1985,Africa,Past,Births,127.8843,127.8843,127.8843
1990,Africa,Past,Births,138.1208,138.1208,138.1208
1995,Africa,Past,Births,149.1727,149.1727,149.1727
2000,Africa,Past,Births,163.8688,163.8688,163.8688
2005,Africa,Past,Births,182.7581,182.7581,182.7581
2010,Africa,Past,Births,201.2316,201.2316,201.2316
2015,Africa,Past,Births,215.7533,215.7533,215.7533
2020,Africa,Past,Births,229.2472,229.2472,229.2472
2025,Africa,Future,Births,242.3881,221.4435,263.3416
2030,Africa,Future,Births,255.5085,223.4374,287.6162
2035,Africa,Future,Births,267.0682,227.6760,306.6110
2040,Africa,Future,Births,276.0233,230.2833,322.8064
2045,Africa,Future,Births,282.3979,182.3979,340.4185
2050,Africa,Future,Births,286.1954,220.9188,358.5651
2055,Africa,Future,Births,288.5204,212.3038,376.1514
2060,Africa,Future,Births,290.1420,203.9710,392.2370
2065,Africa,Future,Births,290.6730,195.9464,406.3170
2070,Africa,Future,Births,289.8204,187.4862,419.2012
2075,Africa,Future,Births,287.3626,177.8632,431.4751
2080,Africa,Future,Births,284.8101,168.1314,444.8952
2085,Africa,Future,Births,281.0675,157.7597,457.2212
2090,Africa,Future,Births,276.8897,147.7842,468.6012
2095,Africa,Future,Births,272.4288,138.4776,479.1705
2100,Africa,Future,Births,0.0000,0.0000,0.0000
1950,Africa,Past,Migration+,0.0000,0.0000,0.0000
1955,Africa,Past,Migration+,0.0000,0.0000,0.0000
1960,Africa,Past,Migration+,0.0000,0.0000,0.0000
1965,Africa,Past,Migration+,0.0000,0.0000,0.0000
1970,Africa,Past,Migration+,0.0000,0.0000,0.0000
1975,Africa,Past,Migration+,0.2829,0.2829,0.2829
1980,Africa,Past,Migration+,0.0000,0.0000,0.0000
1985,Africa,Past,Migration+,0.0000,0.0000,0.0000
1990,Africa,Past,Migration+,0.0000,0.0000,0.0000
1995,Africa,Past,Migration+,0.0000,0.0000,0.0000
2000,Africa,Past,Migration+,0.0000,0.0000,0.0000
2005,Africa,Past,Migration+,0.0000,0.0000,0.0000
2010,Africa,Past,Migration+,0.0000,0.0000,0.0000
2015,Africa,Past,Migration+,0.0000,0.0000,0.0000
2020,Africa,Past,Migration+,0.0000,0.0000,0.0000
2025,Africa,Future,Migration+,0.0000,0.0000,0.0000
2030,Africa,Future,Migration+,0.0000,0.0000,0.0000
2035,Africa,Future,Migration+,0.0000,0.0000,0.0000
2040,Africa,Future,Migration+,0.0000,0.0000,0.0000
2045,Africa,Future,Migration+,0.0000,0.0000,0.0000
2050,Africa,Future,Migration+,0.0000,0.0000,0.0000
2055,Africa,Future,Migration+,0.0000,0.0000,0.0000
2060,Africa,Future,Migration+,0.0000,0.0000,0.0000
2065,Africa,Future,Migration+,0.0000,0.0000,0.0000
2070,Africa,Future,Migration+,0.0000,0.0000,0.0000
2075,Africa,Future,Migration+,0.0000,0.0000,0.0000
2080,Africa,Future,Migration+,0.0000,0.0000,0.0000
2085,Africa,Future,Migration+,0.0000,0.0000,0.0000
2090,Africa,Future,Migration+,0.0000,0.0000,0.0000
2095,Africa,Future,Migration+,0.0000,0.0000,0.0000
2100,Africa,Future,Migration+,0.0000,0.0000,0.0000
1950,Asia,Past,Migration-,0.0000,0.0000,0.0000
1955,Asia,Past,Migration-,0.0000,0.0000,0.0000
1960,Asia,Past,Migration-,-0.2495,-0.2495,-0.2495
1965,Asia,Past,Migration-,-0.4980,-0.4980,-0.4980
1970,Asia,Past,Migration-,-3.6362,-3.6362,-3.6362
1975,Asia,Past,Migration-,-4.4616,-4.4616,-4.4616
1980,Asia,Past,Migration-,-1.0833,-1.0833,-1.0833
1985,Asia,Past,Migration-,-1.6213,-1.6213,-1.6213
1990,Asia,Past,Migration-,-6.6189,-6.6189,-6.6189
1995,Asia,Past,Migration-,-6.9044,-6.9044,-6.9044
2000,Asia,Past,Migration-,-7.5924,-7.5924,-7.5924
2005,Asia,Past,Migration-,-7.8522,-7.8522,-7.8522
2010,Asia,Past,Migration-,-6.9990,-6.9990,-6.9990
2015,Asia,Past,Migration-,-11.8084,-11.8084,-11.8084
2020,Asia,Past,Migration-,-8.0600,-8.0600,-8.0600
2025,Asia,Future,Migration-,-8.0214,-8.0213,-8.0213
2030,Asia,Future,Migration-,-8.2872,-8.2872,-8.2872
2035,Asia,Future,Migration-,-8.2411,-8.2412,-8.2411
2040,Asia,Future,Migration-,-8.2307,-8.2308,-8.2307
2045,Asia,Future,Migration-,-8.2311,-8.2313,-8.2311
2050,Asia,Future,Migration-,-8.2315,-8.2316,-8.2314
2055,Asia,Future,Migration-,-8.2315,-8.2315,-8.2314
2060,Asia,Future,Migration-,-8.2315,-8.2317,-8.2314
2065,Asia,Future,Migration-,-8.2312,-8.2314,-8.2312
2070,Asia,Future,Migration-,-8.2315,-8.2315,-8.2314
2075,Asia,Future,Migration-,-8.2315,-8.2316,-8.2313
2080,Asia,Future,Migration-,-8.2314,-8.2315,-8.2313
2085,Asia,Future,Migration-,-8.2317,-8.2316,-8.2313
2090,Asia,Future,Migration-,-8.2316,-8.2315,-8.2315
2095,Asia,Future,Migration-,-8.2316,-8.2317,-8.2313
2100,Asia,Future,Migration-,0.0000,0.0000,0.0000
1950,Asia,Past,Deaths,-153.7203,-153.7203,-153.7203
1955,Asia,Past,Deaths,-153.8752,-153.8752,-153.8752
1960,Asia,Past,Deaths,-158.1977,-158.1977,-158.1977
1965,Asia,Past,Deaths,-147.8710,-147.8710,-147.8710
1970,Asia,Past,Deaths,-143.8850,-143.8850,-143.8850
1975,Asia,Past,Deaths,-134.7620,-134.7620,-134.7620
1980,Asia,Past,Deaths,-132.8787,-132.8787,-132.8787
1985,Asia,Past,Deaths,-134.0294,-134.0294,-134.0294
1990,Asia,Past,Deaths,-134.6666,-134.6666,-134.6666
1995,Asia,Past,Deaths,-134.8036,-134.8036,-134.8036
2000,Asia,Past,Deaths,-135.8593,-135.8593,-135.8593
2005,Asia,Past,Deaths,-140.7929,-140.7929,-140.7929
2010,Asia,Past,Deaths,-146.7678,-146.7678,-146.7678
2015,Asia,Past,Deaths,-153.3749,-153.3749,-153.3749
2020,Asia,Past,Deaths,-175.1300,-175.1300,-175.1300
2025,Asia,Future,Deaths,-176.4529,-175.3326,-177.5739
2030,Asia,Future,Deaths,-193.8215,-192.3787,-195.2664
2035,Asia,Future,Deaths,-213.0815,-211.5638,-214.6016
2040,Asia,Future,Deaths,-232.5715,-231.0530,-234.1044
2045,Asia,Future,Deaths,-251.1891,-249.5576,-252.8906
2050,Asia,Future,Deaths,-268.5410,-266.6997,-270.5471
2055,Asia,Future,Deaths,-284.4735,-282.3840,-286.8211
2060,Asia,Future,Deaths,-297.3040,-294.9508,-299.9823
2065,Asia,Future,Deaths,-306.1714,-303.5047,-309.2138
2070,Asia,Future,Deaths,-312.8687,-309.7533,-316.4229
2075,Asia,Future,Deaths,-318.3602,-314.5660,-322.6856
2080,Asia,Future,Deaths,-320.8230,-316.0378,-326.2570
2085,Asia,Future,Deaths,-318.4547,-312.2439,-325.4455
2090,Asia,Future,Deaths,-314.0333,-305.7214,-323.2677
2095,Asia,Future,Deaths,-310.7902,-299.2937,-323.3776
2100,Asia,Future,Deaths,0.0000,0.0000,0.0000
1950,Asia,Past,Population,1365.9530,1365.9530,1365.9530
1955,Asia,Past,Population,1515.5659,1515.5659,1515.5659
1960,Asia,Past,Population,1687.1096,1687.1096,1687.1096
1965,Asia,Past,Population,1878.9370,1878.9370,1878.9370
1970,Asia,Past,Population,2119.6942,2119.6942,2119.6942
1975,Asia,Past,Population,2372.4147,2372.4147,2372.4147
1980,Asia,Past,Population,2610.3050,2610.3050,2610.3050
1985,Asia,Past,Population,2881.9430,2881.9430,2881.9430
1990,Asia,Past,Population,3180.8944,3180.8944,3180.8944
1995,Asia,Past,Population,3458.3872,3458.3872,3458.3872
2000,Asia,Past,Population,3710.9277,3710.9277,3710.9277
2005,Asia,Past,Population,3956.3475,3956.3475,3956.3475
2010,Asia,Past,Population,4196.9685,4196.9685,4196.9685
2015,Asia,Past,Population,4437.2086,4437.2086,4437.2086
2020,Asia,Past,Population,4647.8580,4647.8580,4647.8580
2025,Asia,Future,Population,4800.8682,4775.2114,4826.5231
2030,Asia,Future,Population,4945.6524,4862.2603,5029.1174
2035,Asia,Future,Population,5068.0635,4906.8163,5229.6266
2040,Asia,Future,Population,5167.5632,4921.3785,5414.0382
2045,Asia,Future,Population,5242.9992,4910.4461,5576.5334
2050,Asia,Future,Population,5290.1446,4867.0389,5720.3203
2055,Asia,Future,Population,5305.5465,4784.2264,5850.3771
2060,Asia,Future,Population,5292.6087,4663.0914,5972.3376
2065,Asia,Future,Population,5258.8740,4512.7253,6089.8104
2070,Asia,Future,Population,5210.0003,4342.7557,6202.4831
2075,Asia,Future,Population,5147.7955,4157.8486,6309.1649
2080,Asia,Future,Population,5071.6180,3958.4351,6411.1836
2085,Asia,Future,Population,4983.3059,3746.3060,6513.8443
2090,Asia,Future,Population,4887.7741,3526.4324,6622.7060
2095,Asia,Future,Population,4788.1876,3302.8900,6738.3647
2100,Asia,Future,Population,4684.8224,3077.7792,6857.4232
1950,Asia,Past,Births,301.9722,301.9722,301.9722
1955,Asia,Past,Births,324.3477,324.3477,324.3477
1960,Asia,Past,Births,350.2746,350.2746,350.2746
1965,Asia,Past,Births,389.1263,389.1263,389.1263
1970,Asia,Past,Births,400.2416,400.2416,400.2416
1975,Asia,Past,Births,377.1139,377.1139,377.1139
1980,Asia,Past,Births,405.6000,405.6000,405.6000
1985,Asia,Past,Births,434.6020,434.6020,434.6020
1990,Asia,Past,Births,418.7784,418.7784,418.7784
1995,Asia,Past,Births,394.2486,394.2486,394.2486
2000,Asia,Past,Births,388.8715,388.8715,388.8715
2005,Asia,Past,Births,389.2661,389.2661,389.2661
2010,Asia,Past,Births,394.0070,394.0070,394.0070
2015,Asia,Past,Births,375.8326,375.8326,375.8326
2020,Asia,Past,Births,336.2002,336.2002,336.2002
2025,Asia,Future,Births,329.2585,270.4028,388.1895
2030,Asia,Future,Births,324.5197,245.2219,404.0628
2035,Asia,Future,Births,320.8224,234.3673,407.2542
2040,Asia,Future,Births,316.2381,228.3513,404.8303
2045,Asia,Future,Births,306.5656,214.3816,404.9086
2050,Asia,Future,Births,292.1745,192.1187,408.8354
2055,Asia,Future,Births,279.7671,169.4805,417.0130
2060,Asia,Future,Births,271.8007,152.8163,425.6865
2065,Asia,Future,Births,265.5289,141.7666,430.1177
2070,Asia,Future,Births,258.8955,133.0777,431.3361
2075,Asia,Future,Births,250.4142,123.3841,432.9356
2080,Asia,Future,Births,240.7423,112.1402,437.1490
2085,Asia,Future,Births,231.1545,100.6020,442.5384
2090,Asia,Future,Births,222.6783,90.4105,447.1578
2095,Asia,Future,Births,215.6566,82.4146,450.6675
2100,Asia,Future,Births,0.0000,0.0000,0.0000
1950,Asia,Past,Migration+,1.3610,1.3610,1.3610
1955,Asia,Past,Migration+,1.0712,1.0712,1.0712
1960,Asia,Past,Migration+,0.0000,0.0000,0.0000
1965,Asia,Past,Migration+,0.0000,0.0000,0.0000
1970,Asia,Past,Migration+,0.0000,0.0000,0.0000
1975,Asia,Past,Migration+,0.0000,0.0000,0.0000
1980,Asia,Past,Migration+,0.0000,0.0000,0.0000
1985,Asia,Past,Migration+,0.0000,0.0000,0.0000
1990,Asia,Past,Migration+,0.0000,0.0000,0.0000
1995,Asia,Past,Migration+,0.0000,0.0000,0.0000
2000,Asia,Past,Migration+,0.0000,0.0000,0.0000
2005,Asia,Past,Migration+,0.0000,0.0000,0.0000
2010,Asia,Past,Migration+,0.0000,0.0000,0.0000
2015,Asia,Past,Migration+,0.0000,0.0000,0.0000
2020,Asia,Past,Migration+,0.0000,0.0000,0.0000
2025,Asia,Future,Migration+,0.0000,0.0000,0.0000
2030,Asia,Future,Migration+,0.0000,0.0000,0.0000
2035,Asia,Future,Migration+,0.0000,0.0000,0.0000
2040,Asia,Future,Migration+,0.0000,0.0000,0.0000
2045,Asia,Future,Migration+,0.0000,0.0000,0.0000
2050,Asia,Future,Migration+,0.0000,0.0000,0.0000
2055,Asia,Future,Migration+,0.0000,0.0000,0.0000
2060,Asia,Future,Migration+,0.0000,0.0000,0.0000
2065,Asia,Future,Migration+,0.0000,0.0000,0.0000
2070,Asia,Future,Migration+,0.0000,0.0000,0.0000
2075,Asia,Future,Migration+,0.0000,0.0000,0.0000
2080,Asia,Future,Migration+,0.0000,0.0000,0.0000
2085,Asia,Future,Migration+,0.0000,0.0000,0.0000
2090,Asia,Future,Migration+,0.0000,0.0000,0.0000
2095,Asia,Future,Migration+,0.0000,0.0000,0.0000
2100,Asia,Future,Migration+,0.0000,0.0000,0.0000
1950,Europe,Past,Migration-,-2.9275,-2.9275,-2.9275
1955,Europe,Past,Migration-,-2.3202,-2.3202,-2.3202
1960,Europe,Past,Migration-,-0.4610,-0.4610,-0.4610
1965,Europe,Past,Migration-,-0.1553,-0.1553,-0.1553
1970,Europe,Past,Migration-,0.0000,0.0000,0.0000
1975,Europe,Past,Migration-,0.0000,0.0000,0.0000
1980,Europe,Past,Migration-,0.0000,0.0000,0.0000
1985,Europe,Past,Migration-,0.0000,0.0000,0.0000
1990,Europe,Past,Migration-,0.0000,0.0000,0.0000
1995,Europe,Past,Migration-,0.0000,0.0000,0.0000
2000,Europe,Past,Migration-,0.0000,0.0000,0.0000
2005,Europe,Past,Migration-,0.0000,0.0000,0.0000
2010,Europe,Past,Migration-,0.0000,0.0000,0.0000
2015,Europe,Past,Migration-,0.0000,0.0000,0.0000
2020,Europe,Past,Migration-,0.0000,0.0000,0.0000
2025,Europe,Future,Migration-,0.0000,0.0000,0.0000
2030,Europe,Future,Migration-,0.0000,0.0000,0.0000
2035,Europe,Future,Migration-,0.0000,0.0000,0.0000
2040,Europe,Future,Migration-,0.0000,0.0000,0.0000
2045,Europe,Future,Migration-,0.0000,0.0000,0.0000
2050,Europe,Future,Migration-,0.0000,0.0000,0.0000
2055,Europe,Future,Migration-,0.0000,0.0000,0.0000
2060,Europe,Future,Migration-,0.0000,0.0000,0.0000
2065,Europe,Future,Migration-,0.0000,0.0000,0.0000
2070,Europe,Future,Migration-,0.0000,0.0000,0.0000
2075,Europe,Future,Migration-,0.0000,0.0000,0.0000
2080,Europe,Future,Migration-,0.0000,0.0000,0.0000
2085,Europe,Future,Migration-,0.0000,0.0000,0.0000
2090,Europe,Future,Migration-,0.0000,0.0000,0.0000
2095,Europe,Future,Migration-,0.0000,0.0000,0.0000
2100,Europe,Future,Migration-,0.0000,0.0000,0.0000
1950,Europe,Past,Deaths,-31.6417,-31.6417,-31.6417
1955,Europe,Past,Deaths,-29.3136,-29.3136,-29.3136
1960,Europe,Past,Deaths,-29.4316,-29.4316,-29.4316
1965,Europe,Past,Deaths,-31.4184,-31.4184,-31.4184
1970,Europe,Past,Deaths,-33.6100,-33.6100,-33.6100
1975,Europe,Past,Deaths,-35.5870,-35.5870,-35.5870
1980,Europe,Past,Deaths,-37.3476,-37.3476,-37.3476
1985,Europe,Past,Deaths,-37.5377,-37.5377,-37.5377
1990,Europe,Past,Deaths,-40.3187,-40.3187,-40.3187
1995,Europe,Past,Deaths,-41.7843,-41.7843,-41.7843
2000,Europe,Past,Deaths,-42.3242,-42.3242,-42.3242
2005,Europe,Past,Deaths,-41.2138,-41.2138,-41.2138
2010,Europe,Past,Deaths,-40.1553,-40.1553,-40.1553
2015,Europe,Past,Deaths,-40.3956,-40.3956,-40.3956
2020,Europe,Past,Deaths,-44.5656,-44.5656,-44.5656
2025,Europe,Future,Deaths,-40.9740,-40.9506,-40.9973
2030,Europe,Future,Deaths,-42.2553,-42.2260,-42.2845
2035,Europe,Future,Deaths,-43.7893,-43.7581,-43.8206
2040,Europe,Future,Deaths,-45.2559,-45.2222,-45.2895
2045,Europe,Future,Deaths,-46.2929,-46.2528,-46.3337
2050,Europe,Future,Deaths,-46.8268,-46.7755,-46.8804
2055,Europe,Future,Deaths,-46.8933,-46.8252,-46.9659
2060,Europe,Future,Deaths,-46.4523,-46.3603,-46.5507
2065,Europe,Future,Deaths,-45.5992,-45.4741,-45.7322
2070,Europe,Future,Deaths,-44.5167,-44.3448,-44.6980
2075,Europe,Future,Deaths,-43.1738,-42.9348,-43.4249
2080,Europe,Future,Deaths,-41.5251,-41.1899,-41.8765
2085,Europe,Future,Deaths,-39.7497,-39.2802,-40.2417
2090,Europe,Future,Deaths,-38.2935,-37.6491,-38.9688
2095,Europe,Future,Deaths,-37.4957,-36.6270,-38.4072
2100,Europe,Future,Deaths,0.0000,0.0000,0.0000
1950,Europe,Past,Population,547.3043,547.3043,547.3043
1955,Europe,Past,Population,573.4647,573.4647,573.4647
1960,Europe,Past,Population,602.6486,602.6486,602.6486
1965,Europe,Past,Population,631.7512,631.7512,631.7512
1970,Europe,Past,Population,654.7447,654.7447,654.7447
1975,Europe,Past,Population,674.9533,674.9533,674.9533
1980,Europe,Past,Population,691.8398,691.8398,691.8398
1985,Europe,Past,Population,706.1847,706.1847,706.1847
1990,Europe,Past,Population,720.3353,720.3353,720.3353
1995,Europe,Past,Population,727.2150,727.2150,727.2150
2000,Europe,Past,Population,726.9205,726.9205,726.9205
2005,Europe,Past,Population,728.6149,728.6149,728.6149
2010,Europe,Past,Population,735.6501,735.6501,735.6501
2015,Europe,Past,Population,741.5400,741.5400,741.5400
2020,Europe,Past,Population,746.5975,746.5975,746.5975
2025,Europe,Future,Population,741.3757,738.0504,744.6996
2030,Europe,Future,Population,737.1289,726.6345,747.6173
2035,Europe,Future,Population,730.9265,711.0372,750.8216
2040,Europe,Future,Population,723.3365,693.3098,753.4173
2045,Europe,Future,Population,714.5680,674.3986,754.8326
2050,Europe,Future,Population,704.1715,653.7109,755.0847
2055,Europe,Future,Population,691.7081,630.3772,754.7891
2060,Europe,Future,Population,677.6892,604.4290,755.2646
2065,Europe,Future,Population,663.3308,577.0798,757.6603
2070,Europe,Future,Population,649.6266,549.7292,762.1458
2075,Europe,Future,Population,636.9886,523.1929,768.3947
2080,Europe,Future,Population,625.3946,497.6740,776.2463
2085,Europe,Future,Population,614.7330,473.0967,785.9850
2090,Europe,Future,Population,604.9638,449.3482,798.0741
2095,Europe,Future,Population,595.9554,426.2295,812.5738
2100,Europe,Future,Population,587.3615,403.4498,828.8665
1950,Europe,Past,Births,60.7296,60.7296,60.7296
1955,Europe,Past,Births,60.8178,60.8178,60.8178
1960,Europe,Past,Births,58.9951,58.9951,58.9951
1965,Europe,Past,Births,54.5672,54.5672,54.5672
1970,Europe,Past,Births,52.4586,52.4586,52.4586
1975,Europe,Past,Births,51.0021,51.0021,51.0021
1980,Europe,Past,Births,50.4409,50.4409,50.4409
1985,Europe,Past,Births,49.2592,49.2592,49.2592
1990,Europe,Past,Births,42.7001,42.7001,42.7001
1995,Europe,Past,Births,37.3560,37.3560,37.3560
2000,Europe,Past,Births,36.9350,36.9350,36.9350
2005,Europe,Past,Births,39.5355,39.5355,39.5355
2010,Europe,Past,Births,40.6465,40.6465,40.6465
2015,Europe,Past,Births,38.0565,38.0565,38.0565
2020,Europe,Past,Births,34.1156,34.1156,34.1156
2025,Europe,Future,Births,32.7179,25.5253,39.9057
2030,Europe,Future,Births,31.9963,22.5721,41.4322
2035,Europe,Future,Births,32.1443,21.9758,42.3613
2040,Europe,Future,Births,32.4234,22.2473,42.6410
2045,Europe,Future,Births,31.8330,21.5017,42.5222
2050,Europe,Future,Births,30.3002,19.3787,42.5215
2055,Europe,Future,Births,28.8113,16.8138,43.3781
2060,Europe,Future,Births,28.0308,14.9481,44.8832
2065,Europe,Future,Births,27.8320,14.0605,46.1546
2070,Europe,Future,Births,27.8155,13.7455,46.8838
2075,Europe,Future,Births,27.5168,13.3530,47.2134
2080,Europe,Future,Births,26.8006,12.5498,47.5520
2085,Europe,Future,Births,25.9176,11.4690,48.2677
2090,Europe,Future,Births,25.2221,10.4677,49.4056
2095,Europe,Future,Births,24.8389,9.7799,50.6369
2100,Europe,Future,Births,0.0000,0.0000,0.0000
1950,Europe,Past,Migration+,0.0000,0.0000,0.0000
1955,Europe,Past,Migration+,0.0000,0.0000,0.0000
1960,Europe,Past,Migration+,0.0000,0.0000,0.0000
1965,Europe,Past,Migration+,0.0000,0.0000,0.0000
1970,Europe,Past,Migration+,1.3599,1.3599,1.3599
1975,Europe,Past,Migration+,1.4714,1.4714,1.4714
1980,Europe,Past,Migration+,1.2515,1.2515,1.2515
1985,Europe,Past,Migration+,2.4292,2.4292,2.4292
1990,Europe,Past,Migration+,4.4982,4.4982,4.4982
1995,Europe,Past,Migration+,4.1338,4.1338,4.1338
2000,Europe,Past,Migration+,7.0837,7.0837,7.0837
2005,Europe,Past,Migration+,8.7135,8.7135,8.7135
2010,Europe,Past,Migration+,5.3987,5.3987,5.3987
2015,Europe,Past,Migration+,7.3965,7.3965,7.3965
2020,Europe,Past,Migration+,5.2282,5.2282,5.2282
2025,Europe,Future,Migration+,4.0094,4.0094,4.0093
2030,Europe,Future,Migration+,4.0566,4.0566,4.0566
2035,Europe,Future,Migration+,4.0550,4.0550,4.0551
2040,Europe,Future,Migration+,4.0639,4.0637,4.0638
2045,Europe,Future,Migration+,4.0635,4.0634,4.0635
2050,Europe,Future,Migration+,4.0632,4.0631,4.0634
2055,Europe,Future,Migration+,4.0631,4.0631,4.0633
2060,Europe,Future,Migration+,4.0631,4.0631,4.0632
2065,Europe,Future,Migration+,4.0630,4.0630,4.0632
2070,Europe,Future,Migration+,4.0631,4.0630,4.0632
2075,Europe,Future,Migration+,4.0630,4.0628,4.0631
2080,Europe,Future,Migration+,4.0630,4.0629,4.0631
2085,Europe,Future,Migration+,4.0630,4.0627,4.0630
2090,Europe,Future,Migration+,4.0630,4.0626,4.0629
2095,Europe,Future,Migration+,4.0630,4.0674,4.0629
2100,Europe,Future,Migration+,0.0000,0.0000,0.0000
1950,LAC,Past,Migration-,-0.7427,-0.7427,-0.7427
1955,LAC,Past,Migration-,-1.4394,-1.4394,-1.4394
1960,LAC,Past,Migration-,-1.4345,-1.4345,-1.4345
1965,LAC,Past,Migration-,-1.9230,-1.9230,-1.9230
1970,LAC,Past,Migration-,-2.4204,-2.4204,-2.4204
1975,LAC,Past,Migration-,-2.5045,-2.5045,-2.5045
1980,LAC,Past,Migration-,-4.1026,-4.1026,-4.1026
1985,LAC,Past,Migration-,-4.8324,-4.8324,-4.8324
1990,LAC,Past,Migration-,-3.6735,-3.6735,-3.6735
1995,LAC,Past,Migration-,-4.0984,-4.0984,-4.0984
2000,LAC,Past,Migration-,-4.8262,-4.8262,-4.8262
2005,LAC,Past,Migration-,-5.0928,-5.0928,-5.0928
2010,LAC,Past,Migration-,-2.6335,-2.6335,-2.6335
2015,LAC,Past,Migration-,-1.6312,-1.6312,-1.6312
2020,LAC,Past,Migration-,-0.9279,-0.9279,-0.9279
2025,LAC,Future,Migration-,-0.6910,-0.6909,-0.6910
2030,LAC,Future,Migration-,-0.9546,-0.9546,-0.9546
2035,LAC,Future,Migration-,-1.0255,-1.0256,-1.0256
2040,LAC,Future,Migration-,-1.0003,-1.0003,-1.0003
2045,LAC,Future,Migration-,-0.9833,-0.9833,-0.9833
2050,LAC,Future,Migration-,-0.9814,-0.9814,-0.9815
2055,LAC,Future,Migration-,-0.9814,-0.9814,-0.9816
2060,LAC,Future,Migration-,-0.9814,-0.9814,-0.9816
2065,LAC,Future,Migration-,-0.9815,-0.9816,-0.9815
2070,LAC,Future,Migration-,-0.9814,-0.9814,-0.9814
2075,LAC,Future,Migration-,-0.9814,-0.9815,-0.9814
2080,LAC,Future,Migration-,-0.9813,-0.9814,-0.9813
2085,LAC,Future,Migration-,-0.9816,-0.9816,-0.9815
2090,LAC,Future,Migration-,-0.9814,-0.9654,-0.9814
2095,LAC,Future,Migration-,-0.9815,0.9898,-0.9813
2100,LAC,Future,Migration-,0.0000,0.0000,0.0000
1950,LAC,Past,Deaths,-14.6282,-14.6282,-14.6282
1955,LAC,Past,Deaths,-14.5871,-14.5871,-14.5871
1960,LAC,Past,Deaths,-14.6552,-14.6552,-14.6552
1965,LAC,Past,Deaths,-14.8566,-14.8566,-14.8566
1970,LAC,Past,Deaths,-15.0501,-15.0501,-15.0501
1975,LAC,Past,Deaths,-15.1553,-15.1553,-15.1553
1980,LAC,Past,Deaths,-15.3154,-15.3154,-15.3154
1985,LAC,Past,Deaths,-15.0812,-15.0812,-15.0812
1990,LAC,Past,Deaths,-15.2100,-15.2100,-15.2100
1995,LAC,Past,Deaths,-15.5790,-15.5790,-15.5790
2000,LAC,Past,Deaths,-16.1822,-16.1822,-16.1822
2005,LAC,Past,Deaths,-17.1157,-17.1157,-17.1157
2010,LAC,Past,Deaths,-18.6121,-18.6121,-18.6121
2015,LAC,Past,Deaths,-20.4967,-20.4967,-20.4967
2020,LAC,Past,Deaths,-24.4647,-24.4647,-24.4647
2025,LAC,Future,Deaths,-23.3977,-23.2946,-23.5009
2030,LAC,Future,Deaths,-25.5526,-25.4228,-25.6825
2035,LAC,Future,Deaths,-27.9786,-27.8431,-28.1145
2040,LAC,Future,Deaths,-30.5503,-30.4077,-30.6961
2045,LAC,Future,Deaths,-33.1005,-32.9355,-33.2746
2050,LAC,Future,Deaths,-35.4857,-35.2900,-35.6984
2055,LAC,Future,Deaths,-37.7058,-37.4758,-37.9600
2060,LAC,Future,Deaths,-39.8123,-39.5457,-40.1103
2065,LAC,Future,Deaths,-41.8135,-41.5029,-42.1622
2070,LAC,Future,Deaths,-43.5424,-43.1739,-43.9581
2075,LAC,Future,Deaths,-44.8113,-44.3606,-45.3201
2080,LAC,Future,Deaths,-45.5425,-44.9748,-46.1821
2085,LAC,Future,Deaths,-45.7359,-45.0018,-46.5577
2090,LAC,Future,Deaths,-45.4316,-44.4492,-46.5206
2095,LAC,Future,Deaths,-44.7378,-43.3667,-46.2383
2100,LAC,Future,Deaths,0.0000,0.0000,0.0000
1950,LAC,Past,Population,166.1374,166.1374,166.1374
1955,LAC,Past,Population,189.3840,189.3840,189.3840
1960,LAC,Past,Population,216.7127,216.7127,216.7127
1965,LAC,Past,Population,248.7061,248.7061,248.7061
1970,LAC,Past,Population,283.0119,283.0119,283.0119
1975,LAC,Past,Population,319.2570,319.2570,319.2570
1980,LAC,Past,Population,358.3474,358.3474,358.3474
1985,LAC,Past,Population,398.1459,398.1459,398.1459
1990,LAC,Past,Population,438.3843,438.3843,438.3843
1995,LAC,Past,Population,479.4149,479.4149,479.4149
2000,LAC,Past,Population,518.7707,518.7707,518.7707
2005,LAC,Past,Population,554.5873,554.5873,554.5873
2010,LAC,Past,Population,587.2639,587.2639,587.2639
2015,LAC,Past,Population,619.9294,619.9294,619.9294
2020,LAC,Past,Population,649.5240,649.5240,649.5240
2025,LAC,Future,Population,672.4417,668.5720,676.3112
2030,LAC,Future,Population,695.4802,682.8490,708.1084
2035,LAC,Future,Population,714.9904,690.6180,739.3523
2040,LAC,Future,Population,730.5290,693.5951,767.4792
2045,LAC,Future,Population,741.6966,692.0876,791.7516
2050,LAC,Future,Population,748.7153,685.7626,813.4765
2055,LAC,Future,Population,751.7209,674.3175,833.6155
2060,LAC,Future,Population,751.0093,657.9103,852.6758
2065,LAC,Future,Population,746.8870,637.0831,870.5553
2070,LAC,Future,Population,739.4146,612.4529,886.5306
2075,LAC,Future,Population,728.8886,584.7088,900.5203
2080,LAC,Future,Population,715.7421,554.3982,913.1123
2085,LAC,Future,Population,700.6077,522.0698,925.3327
2090,LAC,Future,Population,684.1408,488.3383,938.0069
2095,LAC,Future,Population,666.8461,453.8848,951.3818
2100,LAC,Future,Population,649.1774,419.4484,965.4562
1950,LAC,Past,Births,38.6176,38.6176,38.6176
1955,LAC,Past,Births,43.3552,43.3552,43.3552
1960,LAC,Past,Births,48.0830,48.0830,48.0830
1965,LAC,Past,Births,51.0854,51.0854,51.0854
1970,LAC,Past,Births,53.7157,53.7157,53.7157
1975,LAC,Past,Births,56.7502,56.7502,56.7502
1980,LAC,Past,Births,59.2165,59.2165,59.2165
1985,LAC,Past,Births,60.1520,60.1520,60.1520
1990,LAC,Past,Births,59.9141,59.9141,59.9141
1995,LAC,Past,Births,59.0333,59.0333,59.0333
2000,LAC,Past,Births,56.8249,56.8249,56.8249
2005,LAC,Past,Births,54.8852,54.8852,54.8852
2010,LAC,Past,Births,53.9111,53.9111,53.9111
2015,LAC,Past,Births,51.7225,51.7225,51.7225
2020,LAC,Past,Births,48.3103,48.3103,48.3103
2025,LAC,Future,Births,47.1272,38.2626,55.9890
2030,LAC,Future,Births,46.0174,34.1463,57.8809
2035,LAC,Future,Births,44.5428,31.8457,57.2670
2040,LAC,Future,Births,42.7182,29.9005,55.9688
2045,LAC,Future,Births,41.1024,27.5937,55.9829
2050,LAC,Future,Births,39.4728,24.8263,56.8189
2055,LAC,Future,Births,37.9755,22.0500,58.0019
2060,LAC,Future,Births,36.6714,19.6999,58.9713
2065,LAC,Future,Births,35.3226,17.8542,59.1190
2070,LAC,Future,Births,33.9978,16.4113,58.9292
2075,LAC,Future,Births,32.6462,15.0315,58.8935
2080,LAC,Future,Births,31.3895,13.6278,59.3838
2085,LAC,Future,Births,30.2505,12.2519,60.2134
2090,LAC,Future,Births,29.1183,10.9611,60.8769
2095,LAC,Future,Births,28.0506,7.9405,61.2940
2100,LAC,Future,Births,0.0000,0.0000,0.0000
1950,LAC,Past,Migration+,0.0000,0.0000,0.0000
1955,LAC,Past,Migration+,0.0000,0.0000,0.0000
1960,LAC,Past,Migration+,0.0000,0.0000,0.0000
1965,LAC,Past,Migration+,0.0000,0.0000,0.0000
1970,LAC,Past,Migration+,0.0000,0.0000,0.0000
1975,LAC,Past,Migration+,0.0000,0.0000,0.0000
1980,LAC,Past,Migration+,0.0000,0.0000,0.0000
1985,LAC,Past,Migration+,0.0000,0.0000,0.0000
1990,LAC,Past,Migration+,0.0000,0.0000,0.0000
1995,LAC,Past,Migration+,0.0000,0.0000,0.0000
2000,LAC,Past,Migration+,0.0000,0.0000,0.0000
2005,LAC,Past,Migration+,0.0000,0.0000,0.0000
2010,LAC,Past,Migration+,0.0000,0.0000,0.0000
2015,LAC,Past,Migration+,0.0000,0.0000,0.0000
2020,LAC,Past,Migration+,0.0000,0.0000,0.0000
2025,LAC,Future,Migration+,0.0000,0.0000,0.0000
2030,LAC,Future,Migration+,0.0000,0.0000,0.0000
2035,LAC,Future,Migration+,0.0000,0.0000,0.0000
2040,LAC,Future,Migration+,0.0000,0.0000,0.0000
2045,LAC,Future,Migration+,0.0000,0.0000,0.0000
2050,LAC,Future,Migration+,0.0000,0.0000,0.0000
2055,LAC,Future,Migration+,0.0000,0.0000,0.0000
2060,LAC,Future,Migration+,0.0000,0.0000,0.0000
2065,LAC,Future,Migration+,0.0000,0.0000,0.0000
2070,LAC,Future,Migration+,0.0000,0.0000,0.0000
2075,LAC,Future,Migration+,0.0000,0.0000,0.0000
2080,LAC,Future,Migration+,0.0000,0.0000,0.0000
2085,LAC,Future,Migration+,0.0000,0.0000,0.0000
2090,LAC,Future,Migration+,0.0000,0.0000,0.0000
2095,LAC,Future,Migration+,0.0000,0.0000,0.0000
2100,LAC,Future,Migration+,0.0000,0.0000,0.0000
1950,Northern America,Past,Migration-,0.0000,0.0000,0.0000
1955,Northern America,Past,Migration-,0.0000,0.0000,0.0000
1960,Northern America,Past,Migration-,0.0000,0.0000,0.0000
1965,Northern America,Past,Migration-,0.0000,0.0000,0.0000
1970,Northern America,Past,Migration-,0.0000,0.0000,0.0000
1975,Northern America,Past,Migration-,0.0000,0.0000,0.0000
1980,Northern America,Past,Migration-,0.0000,0.0000,0.0000
1985,Northern America,Past,Migration-,0.0000,0.0000,0.0000
1990,Northern America,Past,Migration-,0.0000,0.0000,0.0000
1995,Northern America,Past,Migration-,0.0000,0.0000,0.0000
2000,Northern America,Past,Migration-,0.0000,0.0000,0.0000
2005,Northern America,Past,Migration-,0.0000,0.0000,0.0000
2010,Northern America,Past,Migration-,0.0000,0.0000,0.0000
2015,Northern America,Past,Migration-,0.0000,0.0000,0.0000
2020,Northern America,Past,Migration-,0.0000,0.0000,0.0000
2025,Northern America,Future,Migration-,0.0000,0.0000,0.0000
2030,Northern America,Future,Migration-,0.0000,0.0000,0.0000
2035,Northern America,Future,Migration-,0.0000,0.0000,0.0000
2040,Northern America,Future,Migration-,0.0000,0.0000,0.0000
2045,Northern America,Future,Migration-,0.0000,0.0000,0.0000
2050,Northern America,Future,Migration-,0.0000,0.0000,0.0000
2055,Northern America,Future,Migration-,0.0000,0.0000,0.0000
2060,Northern America,Future,Migration-,0.0000,0.0000,0.0000
2065,Northern America,Future,Migration-,0.0000,0.0000,0.0000
2070,Northern America,Future,Migration-,0.0000,0.0000,0.0000
2075,Northern America,Future,Migration-,0.0000,0.0000,0.0000
2080,Northern America,Future,Migration-,0.0000,0.0000,0.0000
2085,Northern America,Future,Migration-,0.0000,0.0000,0.0000
2090,Northern America,Future,Migration-,0.0000,0.0000,0.0000
2095,Northern America,Future,Migration-,0.0000,0.0000,0.0000
2100,Northern America,Future,Migration-,0.0000,0.0000,0.0000
1950,Northern America,Past,Deaths,-7.9330,-7.9330,-7.9330
1955,Northern America,Past,Deaths,-8.5300,-8.5300,-8.5300
1960,Northern America,Past,Deaths,-9.2972,-9.2972,-9.2972
1965,Northern America,Past,Deaths,-9.9494,-9.9494,-9.9494
1970,Northern America,Past,Deaths,-10.3221,-10.3221,-10.3221
1975,Northern America,Past,Deaths,-10.1942,-10.1942,-10.1942
1980,Northern America,Past,Deaths,-10.7113,-10.7113,-10.7113
1985,Northern America,Past,Deaths,-11.4380,-11.4380,-11.4380
1990,Northern America,Past,Deaths,-11.9318,-11.9318,-11.9318
1995,Northern America,Past,Deaths,-12.6715,-12.6715,-12.6715
2000,Northern America,Past,Deaths,-13.1738,-13.1738,-13.1738
2005,Northern America,Past,Deaths,-13.3670,-13.3670,-13.3670
2010,Northern America,Past,Deaths,-14.0043,-14.0043,-14.0043
2015,Northern America,Past,Deaths,-15.1303,-15.1303,-15.1303
2020,Northern America,Past,Deaths,-17.0469,-17.0469,-17.0469
2025,Northern America,Future,Deaths,-17.0890,-17.0679,-17.1102
2030,Northern America,Future,Deaths,-18.5013,-18.4740,-18.5285
2035,Northern America,Future,Deaths,-20.0341,-20.0048,-20.0634
2040,Northern America,Future,Deaths,-21.4623,-21.4290,-21.4956
2045,Northern America,Future,Deaths,-22.5479,-22.5031,-22.5938
2050,Northern America,Future,Deaths,-23.1396,-23.0748,-23.2067
2055,Northern America,Future,Deaths,-23.2723,-23.1814,-23.3674
2060,Northern America,Future,Deaths,-23.2052,-23.0862,-23.3300
2065,Northern America,Future,Deaths,-23.2729,-23.1254,-23.4284
2070,Northern America,Future,Deaths,-23.6683,-23.4869,-23.8602
2075,Northern America,Future,Deaths,-24.3106,-24.0818,-24.5546
2080,Northern America,Future,Deaths,-24.9259,-24.6288,-25.2450
2085,Northern America,Future,Deaths,-25.3278,-24.9427,-25.7435
2090,Northern America,Future,Deaths,-25.4987,-25.0089,-26.0289
2095,Northern America,Future,Deaths,-25.5520,-24.9314,-26.2241
2100,Northern America,Future,Deaths,0.0000,0.0000,0.0000
1950,Northern America,Past,Population,160.7538,160.7538,160.7538
1955,Northern America,Past,Population,175.2686,175.2686,175.2686
1960,Northern America,Past,Population,192.5352,192.5352,192.5352
1965,Northern America,Past,Population,208.1523,208.1523,208.1523
1970,Northern America,Past,Population,220.2677,220.2677,220.2677
1975,Northern America,Past,Population,233.3433,233.3433,233.3433
1980,Northern America,Past,Population,246.2530,246.2530,246.2530
1985,Northern America,Past,Population,259.7756,259.7756,259.7756
1990,Northern America,Past,Population,273.9520,273.9520,273.9520
1995,Northern America,Past,Population,293.2782,293.2782,293.2782
2000,Northern America,Past,Population,311.4698,311.4698,311.4698
2005,Northern America,Past,Population,327.6028,327.6028,327.6028
2010,Northern America,Past,Population,343.7929,343.7929,343.7929
2015,Northern America,Past,Population,359.0361,359.0361,359.0361
2020,Northern America,Past,Population,373.2722,373.2722,373.2722
2025,Northern America,Future,Population,382.1118,380.2368,383.9866
2030,Northern America,Future,Population,392.3124,386.1226,398.5022
2035,Northern America,Future,Population,401.7711,389.6743,413.8499
2040,Northern America,Future,Population,409.8604,391.3036,428.3533
2045,Northern America,Future,Population,416.2327,391.2481,441.1918
2050,Northern America,Future,Population,421.0010,389.5100,452.8265
2055,Northern America,Future,Population,424.6957,386.1590,464.4458
2060,Northern America,Future,Population,428.2404,381.6769,477.6653
2065,Northern America,Future,Population,432.0661,376.5329,492.8591
2070,Northern America,Future,Population,436.0411,370.9824,509.2687
2075,Northern America,Future,Population,439.5911,364.8382,525.7647
2080,Northern America,Future,Population,442.2564,357.7802,541.8346
2085,Northern America,Future,Population,444.0598,349.7225,557.8868
2090,Northern America,Future,Population,445.4035,340.8726,574.7946
2095,Northern America,Future,Population,446.6385,331.5244,593.0506
2100,Northern America,Future,Population,447.9071,321.9450,612.5273
1950,Northern America,Past,Births,20.0423,20.0423,20.0423
1955,Northern America,Past,Births,21.9537,21.9537,21.9537
1960,Northern America,Past,Births,21.9541,21.9541,21.9541
1965,Northern America,Past,Births,19.1243,19.1243,19.1243
1970,Northern America,Past,Births,18.1459,18.1459,18.1459
1975,Northern America,Past,Births,17.8491,17.8491,17.8491
1980,Northern America,Past,Births,19.8519,19.8519,19.8519
1985,Northern America,Past,Births,21.1088,21.1088,21.1088
1990,Northern America,Past,Births,22.2369,22.2369,22.2369
1995,Northern America,Past,Births,21.3833,21.3833,21.3833
2000,Northern America,Past,Births,22.0426,22.0426,22.0426
2005,Northern America,Past,Births,22.9861,22.9861,22.9861
2010,Northern America,Past,Births,21.8628,21.8628,21.8628
2015,Northern America,Past,Births,21.2353,21.2353,21.2353
2020,Northern America,Past,Births,20.5142,20.5142,20.5142
2025,Northern America,Future,Births,21.0169,16.6809,25.3530
2030,Northern America,Future,Births,21.4603,15.5260,27.3767
2035,Northern America,Future,Births,21.6658,15.1764,28.1091
2040,Northern America,Future,Births,21.4297,14.9687,27.9292
2045,Northern America,Future,Births,20.9300,14.3787,27.8423
2050,Northern America,Future,Births,20.4500,13.3396,28.4418
2055,Northern America,Future,Births,20.4329,12.3151,30.2026
2060,Northern America,Future,Births,20.6467,11.5580,32.1397
2065,Northern America,Future,Births,20.8637,11.1907,33.4539
2070,Northern America,Future,Births,20.8341,10.9585,33.9720
2075,Northern America,Future,Births,20.5917,10.6396,34.2404
2080,Northern America,Future,Births,20.3451,10.1870,34.9130
2085,Northern America,Future,Births,20.2874,9.7086,36.2671
2090,Northern America,Future,Births,20.3495,9.2765,37.9008
2095,Northern America,Future,Births,20.4365,8.9678,39.3166
2100,Northern America,Future,Births,0.0000,0.0000,0.0000
1950,Northern America,Past,Migration+,2.4055,2.4055,2.4055
1955,Northern America,Past,Migration+,3.8428,3.8428,3.8428
1960,Northern America,Past,Migration+,2.9601,2.9601,2.9601
1965,Northern America,Past,Migration+,2.9406,2.9406,2.9406
1970,Northern America,Past,Migration+,5.2518,5.2518,5.2518
1975,Northern America,Past,Migration+,5.2548,5.2548,5.2548
1980,Northern America,Past,Migration+,4.3820,4.3820,4.3820
1985,Northern America,Past,Migration+,4.5056,4.5056,4.5056
1990,Northern America,Past,Migration+,9.0210,9.0210,9.0210
1995,Northern America,Past,Migration+,9.4798,9.4798,9.4798
2000,Northern America,Past,Migration+,7.2642,7.2642,7.2642
2005,Northern America,Past,Migration+,6.5710,6.5710,6.5710
2010,Northern America,Past,Migration+,7.3846,7.3846,7.3846
2015,Northern America,Past,Migration+,8.1312,8.1312,8.1312
2020,Northern America,Past,Migration+,5.3722,5.3722,5.3722
2025,Northern America,Future,Migration+,6.2727,6.2728,6.2727
2030,Northern America,Future,Migration+,6.4997,6.4997,6.4996
2035,Northern America,Future,Migration+,6.4577,6.4577,6.4577
2040,Northern America,Future,Migration+,6.4048,6.4048,6.4049
2045,Northern America,Future,Migration+,6.3862,6.3863,6.3862
2050,Northern America,Future,Migration+,6.3842,6.3842,6.3842
2055,Northern America,Future,Migration+,6.3842,6.3842,6.3842
2060,Northern America,Future,Migration+,6.3842,6.3842,6.3842
2065,Northern America,Future,Migration+,6.3842,6.3842,6.3842
2070,Northern America,Future,Migration+,6.3842,6.3842,6.3842
2075,Northern America,Future,Migration+,6.3842,6.3842,6.3841
2080,Northern America,Future,Migration+,6.3842,6.3842,6.3842
2085,Northern America,Future,Migration+,6.3842,6.3842,6.3842
2090,Northern America,Future,Migration+,6.3842,6.3842,6.3842
2095,Northern America,Future,Migration+,6.3842,6.3842,6.3842
2100,Northern America,Future,Migration+,0.0000,0.0000,0.0000
1950,Oceania,Past,Migration-,0.0000,0.0000,0.0000
1955,Oceania,Past,Migration-,0.0000,0.0000,0.0000
1960,Oceania,Past,Migration-,0.0000,0.0000,0.0000
1965,Oceania,Past,Migration-,0.0000,0.0000,0.0000
1970,Oceania,Past,Migration-,0.0000,0.0000,0.0000
1975,Oceania,Past,Migration-,-0.0457,-0.0457,-0.0457
1980,Oceania,Past,Migration-,0.0000,0.0000,0.0000
1985,Oceania,Past,Migration-,0.0000,0.0000,0.0000
1990,Oceania,Past,Migration-,0.0000,0.0000,0.0000
1995,Oceania,Past,Migration-,0.0000,0.0000,0.0000
2000,Oceania,Past,Migration-,0.0000,0.0000,0.0000
2005,Oceania,Past,Migration-,0.0000,0.0000,0.0000
2010,Oceania,Past,Migration-,0.0000,0.0000,0.0000
2015,Oceania,Past,Migration-,0.0000,0.0000,0.0000
2020,Oceania,Past,Migration-,0.0000,0.0000,0.0000
2025,Oceania,Future,Migration-,0.0000,0.0000,0.0000
2030,Oceania,Future,Migration-,0.0000,0.0000,0.0000
2035,Oceania,Future,Migration-,0.0000,0.0000,0.0000
2040,Oceania,Future,Migration-,0.0000,0.0000,0.0000
2045,Oceania,Future,Migration-,0.0000,0.0000,0.0000
2050,Oceania,Future,Migration-,0.0000,0.0000,0.0000
2055,Oceania,Future,Migration-,0.0000,0.0000,0.0000
2060,Oceania,Future,Migration-,0.0000,0.0000,0.0000
2065,Oceania,Future,Migration-,0.0000,0.0000,0.0000
2070,Oceania,Future,Migration-,0.0000,0.0000,0.0000
2075,Oceania,Future,Migration-,0.0000,0.0000,0.0000
2080,Oceania,Future,Migration-,0.0000,0.0000,0.0000
2085,Oceania,Future,Migration-,0.0000,0.0000,0.0000
2090,Oceania,Future,Migration-,0.0000,0.0000,0.0000
2095,Oceania,Future,Migration-,0.0000,0.0000,0.0000
2100,Oceania,Future,Migration-,0.0000,0.0000,0.0000
1950,Oceania,Past,Deaths,-0.7565,-0.7565,-0.7565
1955,Oceania,Past,Deaths,-0.7716,-0.7716,-0.7716
1960,Oceania,Past,Deaths,-0.8144,-0.8144,-0.8144
1965,Oceania,Past,Deaths,-0.8705,-0.8705,-0.8705
1970,Oceania,Past,Deaths,-0.9025,-0.9025,-0.9025
1975,Oceania,Past,Deaths,-0.8820,-0.8820,-0.8820
1980,Oceania,Past,Deaths,-0.8946,-0.8946,-0.8946
1985,Oceania,Past,Deaths,-0.9520,-0.9520,-0.9520
1990,Oceania,Past,Deaths,-0.9779,-0.9779,-0.9779
1995,Oceania,Past,Deaths,-1.0387,-1.0387,-1.0387
2000,Oceania,Past,Deaths,-1.0952,-1.0952,-1.0952
2005,Oceania,Past,Deaths,-1.1742,-1.1742,-1.1742
2010,Oceania,Past,Deaths,-1.2579,-1.2579,-1.2579
2015,Oceania,Past,Deaths,-1.3551,-1.3551,-1.3551
2020,Oceania,Past,Deaths,-1.4807,-1.4807,-1.4807
2025,Oceania,Future,Deaths,-1.6432,-1.6359,-1.6505
2030,Oceania,Future,Deaths,-1.8292,-1.8189,-1.8396
2035,Oceania,Future,Deaths,-2.0383,-2.0265,-2.0501
2040,Oceania,Future,Deaths,-2.2438,-2.2309,-2.2569
2045,Oceania,Future,Deaths,-2.4274,-2.4126,-2.4429
2050,Oceania,Future,Deaths,-2.5890,-2.5718,-2.6076
2055,Oceania,Future,Deaths,-2.7320,-2.7120,-2.7542
2060,Oceania,Future,Deaths,-2.8624,-2.8392,-2.8885
2065,Oceania,Future,Deaths,-2.9911,-2.9638,-3.0220
2070,Oceania,Future,Deaths,-3.1366,-3.1034,-3.1739
2075,Oceania,Future,Deaths,-3.2982,-3.2567,-3.3445
2080,Oceania,Future,Deaths,-3.4456,-3.3922,-3.5053
2085,Oceania,Future,Deaths,-3.5372,-3.4671,-3.6153
2090,Oceania,Future,Deaths,-3.5738,-3.4808,-3.6766
2095,Oceania,Future,Deaths,-3.5938,-3.4697,-3.7297
2100,Oceania,Future,Deaths,0.0000,0.0000,0.0000
1950,Oceania,Past,Population,12.4060,12.4060,12.4060
1955,Oceania,Past,Population,13.9715,13.9715,13.9715
1960,Oceania,Past,Population,15.6796,15.6796,15.6796
1965,Oceania,Past,Population,17.4233,17.4233,17.4233
1970,Oceania,Past,Population,19.2092,19.2092,19.2092
1975,Oceania,Past,Population,21.3885,21.3885,21.3885
1980,Oceania,Past,Population,22.7594,22.7594,22.7594
1985,Oceania,Past,Population,24.5289,24.5289,24.5289
1990,Oceania,Past,Population,26.4956,26.4956,26.4956
1995,Oceania,Past,Population,28.6711,28.6711,28.6711
2000,Oceania,Past,Population,30.9824,30.9824,30.9824
2005,Oceania,Past,Population,33.5379,33.5379,33.5379
2010,Oceania,Past,Population,36.7918,36.7918,36.7918
2015,Oceania,Past,Population,40.0634,40.0634,40.0634
2020,Oceania,Past,Population,43.6523,43.6523,43.6523
2025,Oceania,Future,Population,46.3751,46.1279,46.6225
2030,Oceania,Future,Population,48.9632,48.1447,49.7847
2035,Oceania,Future,Population,51.3803,49.7780,52.9933
2040,Oceania,Future,Population,53.6275,51.1510,56.1225
2045,Oceania,Future,Population,55.7220,52.3264,59.1549
2050,Oceania,Future,Population,57.6528,53.2641,62.1355
2055,Oceania,Future,Population,59.4027,53.9078,65.1209
2060,Oceania,Future,Population,60.9926,54.2434,68.2022
2065,Oceania,Future,Population,62.4366,54.2996,71.3790
2070,Oceania,Future,Population,63.7515,54.1349,74.6033
2075,Oceania,Future,Population,64.9200,53.7657,77.8093
2080,Oceania,Future,Population,65.9105,53.1727,80.9666
2085,Oceania,Future,Population,66.7370,52.3642,84.1270
2090,Oceania,Future,Population,67.4349,51.3770,87.3569
2095,Oceania,Future,Population,68.0708,50.2822,90.7342
2100,Oceania,Future,Population,68.6570,49.1156,94.2361
1950,Oceania,Past,Births,1.8215,1.8215,1.8215
1955,Oceania,Past,Births,2.0311,2.0311,2.0311
1960,Oceania,Past,Births,2.2096,2.2096,2.2096
1965,Oceania,Past,Births,2.2617,2.2617,2.2617
1970,Oceania,Past,Births,2.4727,2.4727,2.4727
1975,Oceania,Past,Births,2.2986,2.2986,2.2986
1980,Oceania,Past,Births,2.3863,2.3863,2.3863
1985,Oceania,Past,Births,2.5479,2.5479,2.5479
1990,Oceania,Past,Births,2.7241,2.7241,2.7241
1995,Oceania,Past,Births,2.7808,2.7808,2.7808
2000,Oceania,Past,Births,2.8995,2.8995,2.8995
2005,Oceania,Past,Births,3.2073,3.2073,3.2073
2010,Oceania,Past,Births,3.3958,3.3958,3.3958
2015,Oceania,Past,Births,3.4839,3.4839,3.4839
2020,Oceania,Past,Births,3.4745,3.4745,3.4745
2025,Oceania,Future,Births,3.5114,2.9328,4.0928
2030,Oceania,Future,Births,3.5246,2.7305,4.3264
2035,Oceania,Future,Births,3.5629,2.6770,4.4568
2040,Oceania,Future,Births,3.6153,2.1454,4.5663
2045,Oceania,Future,Births,3.6348,2.6268,3.7649
2050,Oceania,Future,Births,3.6154,2.4919,4.8696
2055,Oceania,Future,Births,3.5984,2.3238,5.1121
2060,Oceania,Future,Births,3.5828,2.1717,5.3417
2065,Oceania,Future,Births,3.5824,2.0752,5.5227
2070,Oceania,Future,Births,3.5814,2.0105,5.6563
2075,Oceania,Future,Births,3.5650,1.9401,5.7783
2080,Oceania,Future,Births,3.5484,1.8601,5.9422
2085,Oceania,Future,Births,3.5114,1.4101,6.1216
2090,Oceania,Future,Births,3.4860,1.6617,6.3301
2095,Oceania,Future,Births,3.4563,1.5782,6.5078
2100,Oceania,Future,Births,0.0000,0.0000,0.0000
1950,Oceania,Past,Migration+,0.5005,0.5005,0.5005
1955,Oceania,Past,Migration+,0.4486,0.4486,0.4486
1960,Oceania,Past,Migration+,0.3485,0.3485,0.3485
1965,Oceania,Past,Migration+,0.3947,0.3947,0.3947
1970,Oceania,Past,Migration+,0.6091,0.6091,0.6091
1975,Oceania,Past,Migration+,0.0000,0.0000,0.0000
1980,Oceania,Past,Migration+,0.2777,0.2777,0.2777
1985,Oceania,Past,Migration+,0.3708,0.3708,0.3708
1990,Oceania,Past,Migration+,0.4293,0.4293,0.4293
1995,Oceania,Past,Migration+,0.5692,0.5692,0.5692
2000,Oceania,Past,Migration+,0.7512,0.7512,0.7512
2005,Oceania,Past,Migration+,1.2207,1.2207,1.2207
2010,Oceania,Past,Migration+,1.1337,1.1337,1.1337
2015,Oceania,Past,Migration+,1.4601,1.4601,1.4601
2020,Oceania,Past,Migration+,0.7291,0.7291,0.7291
2025,Oceania,Future,Migration+,0.7199,0.7199,0.7199
2030,Oceania,Future,Migration+,0.7218,0.7218,0.7218
2035,Oceania,Future,Migration+,0.7225,0.7225,0.7225
2040,Oceania,Future,Migration+,0.7230,1.2610,0.7230
2045,Oceania,Future,Migration+,0.7234,0.7235,1.6585
2050,Oceania,Future,Migration+,0.7236,0.7236,0.7235
2055,Oceania,Future,Migration+,0.7235,0.7237,0.7235
2060,Oceania,Future,Migration+,0.7235,0.7237,0.7236
2065,Oceania,Future,Migration+,0.7237,0.7238,0.7236
2070,Oceania,Future,Migration+,0.7237,0.7237,0.7236
2075,Oceania,Future,Migration+,0.7237,0.7236,0.7235
2080,Oceania,Future,Migration+,0.7236,0.7236,0.7236
2085,Oceania,Future,Migration+,0.7237,1.0698,0.7237
2090,Oceania,Future,Migration+,0.7237,0.7243,0.7238
2095,Oceania,Future,Migration+,0.7238,0.7249,0.7237
2100,Oceania,Future,Migration+,0.0000,0.0000,0.0000